{
    "description": "England Surprise",
    "parameters_varied": [
        "pub",
        "grocery",
        "cinema",
        "university",
        "city_transport",
        "inter_city_transport",
        "hospital",
        "care_home",
        "company",
        "school",
        "household",
        "care_visits",
        "household_visits",
        "gym"
    ],
    "run_parameters": {
        "0": {
            "pub": 0.0953169,
            "grocery": 0.387384,
            "cinema": 0.0519034,
            "university": 0.42769700000000005,
            "city_transport": 0.172737,
            "inter_city_transport": 0.9269729999999999,
            "hospital": 0.21657800000000002,
            "care_home": 0.46299300000000004,
            "company": 0.250643,
            "school": 0.5688350000000001,
            "household": 0.19462000000000002,
            "care_visits": 0.722461,
            "household_visits": 1.20205,
            "gym": 0.287235
        },
        "1": {
            "pub": 0.521456,
            "grocery": 0.452953,
            "cinema": 0.24650300000000003,
            "university": 0.359362,
            "city_transport": 0.34855,
            "inter_city_transport": 1.1875799999999999,
            "hospital": 0.18981099999999998,
            "care_home": 0.700487,
            "company": 0.101768,
            "school": 0.381756,
            "household": 0.317372,
            "care_visits": 2.6699599999999997,
            "household_visits": 0.6388510000000001,
            "gym": 0.18055
        },
        "2": {
            "pub": 0.40569099999999997,
            "grocery": 0.548852,
            "cinema": 0.23585599999999998,
            "university": 0.573902,
            "city_transport": 0.352572,
            "inter_city_transport": 0.377794,
            "hospital": 0.8239690000000001,
            "care_home": 0.561342,
            "company": 0.419264,
            "school": 0.42414399999999997,
            "household": 0.09141419999999999,
            "care_visits": 4.33858,
            "household_visits": 1.43715,
            "gym": 0.179852
        },
        "3": {
            "pub": 0.484659,
            "grocery": 0.042028699999999995,
            "cinema": 0.204764,
            "university": 0.332117,
            "city_transport": 0.258585,
            "inter_city_transport": 0.68995,
            "hospital": 1.12342,
            "care_home": 1.05813,
            "company": 0.24534,
            "school": 0.264358,
            "household": 0.771614,
            "care_visits": 1.50905,
            "household_visits": 0.975799,
            "gym": 0.116808
        },
        "4": {
            "pub": 0.138482,
            "grocery": 0.21261799999999997,
            "cinema": 0.382866,
            "university": 0.357419,
            "city_transport": 0.112166,
            "inter_city_transport": 0.295152,
            "hospital": 0.982029,
            "care_home": 0.9852620000000001,
            "company": 0.147438,
            "school": 0.198007,
            "household": 0.632458,
            "care_visits": 0.396435,
            "household_visits": 3.23049,
            "gym": 0.43450500000000003
        }
    },
    "all_regions": [
        "East Midlands",
        "East of England",
        "London",
        "North East",
        "North West",
        "South East",
        "South West",
        "West Midlands",
        "Yorkshire and The Hu"
    ],
    "all_timestamps": [
        "2020-02-24",
        "2020-02-25",
        "2020-02-26",
        "2020-02-27",
        "2020-02-28",
        "2020-02-29",
        "2020-03-01",
        "2020-03-02",
        "2020-03-03",
        "2020-03-04",
        "2020-03-05",
        "2020-03-06",
        "2020-03-07",
        "2020-03-08",
        "2020-03-09",
        "2020-03-10",
        "2020-03-11",
        "2020-03-12",
        "2020-03-13",
        "2020-03-14",
        "2020-03-15",
        "2020-03-16",
        "2020-03-17",
        "2020-03-18",
        "2020-03-19",
        "2020-03-20",
        "2020-03-21",
        "2020-03-22",
        "2020-03-23",
        "2020-03-24",
        "2020-03-25",
        "2020-03-26",
        "2020-03-27",
        "2020-03-28",
        "2020-03-29",
        "2020-03-30",
        "2020-03-31",
        "2020-04-01",
        "2020-04-02",
        "2020-04-03",
        "2020-04-04",
        "2020-04-05",
        "2020-04-06",
        "2020-04-07",
        "2020-04-08",
        "2020-04-09",
        "2020-04-10",
        "2020-04-11",
        "2020-04-12",
        "2020-04-13",
        "2020-04-14",
        "2020-04-15",
        "2020-04-16",
        "2020-04-17",
        "2020-04-18",
        "2020-04-19",
        "2020-04-20",
        "2020-04-21",
        "2020-04-22",
        "2020-04-23",
        "2020-04-24",
        "2020-04-25",
        "2020-04-26",
        "2020-04-27",
        "2020-04-28",
        "2020-04-29",
        "2020-04-30",
        "2020-05-01",
        "2020-05-02",
        "2020-05-03",
        "2020-05-04",
        "2020-05-05",
        "2020-05-06",
        "2020-05-07",
        "2020-05-08",
        "2020-05-09",
        "2020-05-10",
        "2020-05-11",
        "2020-05-12",
        "2020-05-13",
        "2020-05-14",
        "2020-05-15",
        "2020-05-16",
        "2020-05-17",
        "2020-05-18",
        "2020-05-19",
        "2020-05-20",
        "2020-05-21",
        "2020-05-22",
        "2020-05-23",
        "2020-05-24",
        "2020-05-25",
        "2020-05-26",
        "2020-05-27",
        "2020-05-28",
        "2020-05-29",
        "2020-05-30",
        "2020-05-31",
        "2020-06-01",
        "2020-06-02",
        "2020-06-03",
        "2020-06-04",
        "2020-06-05",
        "2020-06-06",
        "2020-06-07",
        "2020-06-08",
        "2020-06-09",
        "2020-06-10",
        "2020-06-11",
        "2020-06-12",
        "2020-06-13",
        "2020-06-14",
        "2020-06-15",
        "2020-06-16",
        "2020-06-17",
        "2020-06-18",
        "2020-06-19",
        "2020-06-20",
        "2020-06-21",
        "2020-06-22",
        "2020-06-23",
        "2020-06-24",
        "2020-06-25",
        "2020-06-26",
        "2020-06-27",
        "2020-06-28",
        "2020-06-29",
        "2020-06-30",
        "2020-07-01",
        "2020-07-02",
        "2020-07-03",
        "2020-07-04",
        "2020-07-05",
        "2020-07-06",
        "2020-07-07",
        "2020-07-08",
        "2020-07-09",
        "2020-07-10",
        "2020-07-11",
        "2020-07-12",
        "2020-07-13",
        "2020-07-14",
        "2020-07-15",
        "2020-07-16",
        "2020-07-17",
        "2020-07-18",
        "2020-07-19",
        "2020-07-20",
        "2020-07-21",
        "2020-07-22",
        "2020-07-23",
        "2020-07-24",
        "2020-07-25",
        "2020-07-26",
        "2020-07-27",
        "2020-07-28",
        "2020-07-29",
        "2020-07-30",
        "2020-07-31",
        "2020-08-01",
        "2020-08-02",
        "2020-08-03",
        "2020-08-04",
        "2020-08-05",
        "2020-08-06",
        "2020-08-07",
        "2020-08-08",
        "2020-08-09",
        "2020-08-10",
        "2020-08-11",
        "2020-08-12",
        "2020-08-13",
        "2020-08-14",
        "2020-08-15",
        "2020-08-16",
        "2020-08-17",
        "2020-08-18",
        "2020-08-19",
        "2020-08-20",
        "2020-08-21",
        "2020-08-22",
        "2020-08-23",
        "2020-08-24",
        "2020-08-25",
        "2020-08-26",
        "2020-08-27",
        "2020-08-28",
        "2020-08-29",
        "2020-08-30",
        "2020-08-31",
        "2020-09-01",
        "2020-09-02",
        "2020-09-03",
        "2020-09-04",
        "2020-09-05",
        "2020-09-06",
        "2020-09-07",
        "2020-09-08",
        "2020-09-09",
        "2020-09-10",
        "2020-09-11",
        "2020-09-12",
        "2020-09-13",
        "2020-09-14",
        "2020-09-15",
        "2020-09-16",
